<ImportExportXml version="9.2.25114.166" SolutionPackageVersion="9.2" languagecode="1033" generatedBy="CrmLive" xmlns:xsi="http://www.w3.org/2001/XMLSchema-instance" OrganizationVersion="9.2.25114.166" OrganizationSchemaType="Standard" CRMServerServiceabilityVersion="9.2.25114.00166">
  <SolutionManifest>
    <UniqueName>PdfExtractor</UniqueName>
    <LocalizedNames>
      <LocalizedName description="PdfExtractor" languagecode="1033" />
    </LocalizedNames>
    <Descriptions />
    <Version>1.0.0.1</Version>
    <Managed>0</Managed>
    <Publisher>
      <UniqueName>PDF</UniqueName>
      <LocalizedNames>
        <LocalizedName description="PDF" languagecode="1033" />
      </LocalizedNames>
      <Descriptions />
      <EMailAddress xsi:nil="true"></EMailAddress>
      <SupportingWebsiteUrl xsi:nil="true"></SupportingWebsiteUrl>
      <CustomizationPrefix>pdf</CustomizationPrefix>
      <CustomizationOptionValuePrefix>89058</CustomizationOptionValuePrefix>
      <Addresses>
        <Address>
          <AddressNumber>1</AddressNumber>
          <AddressTypeCode>1</AddressTypeCode>
          <City xsi:nil="true"></City>
          <County xsi:nil="true"></County>
          <Country xsi:nil="true"></Country>
          <Fax xsi:nil="true"></Fax>
          <FreightTermsCode xsi:nil="true"></FreightTermsCode>
          <ImportSequenceNumber xsi:nil="true"></ImportSequenceNumber>
          <Latitude xsi:nil="true"></Latitude>
          <Line1 xsi:nil="true"></Line1>
          <Line2 xsi:nil="true"></Line2>
          <Line3 xsi:nil="true"></Line3>
          <Longitude xsi:nil="true"></Longitude>
          <Name xsi:nil="true"></Name>
          <PostalCode xsi:nil="true"></PostalCode>
          <PostOfficeBox xsi:nil="true"></PostOfficeBox>
          <PrimaryContactName xsi:nil="true"></PrimaryContactName>
          <ShippingMethodCode>1</ShippingMethodCode>
          <StateOrProvince xsi:nil="true"></StateOrProvince>
          <Telephone1 xsi:nil="true"></Telephone1>
          <Telephone2 xsi:nil="true"></Telephone2>
          <Telephone3 xsi:nil="true"></Telephone3>
          <TimeZoneRuleVersionNumber xsi:nil="true"></TimeZoneRuleVersionNumber>
          <UPSZone xsi:nil="true"></UPSZone>
          <UTCOffset xsi:nil="true"></UTCOffset>
          <UTCConversionTimeZoneCode xsi:nil="true"></UTCConversionTimeZoneCode>
        </Address>
        <Address>
          <AddressNumber>2</AddressNumber>
          <AddressTypeCode>1</AddressTypeCode>
          <City xsi:nil="true"></City>
          <County xsi:nil="true"></County>
          <Country xsi:nil="true"></Country>
          <Fax xsi:nil="true"></Fax>
          <FreightTermsCode xsi:nil="true"></FreightTermsCode>
          <ImportSequenceNumber xsi:nil="true"></ImportSequenceNumber>
          <Latitude xsi:nil="true"></Latitude>
          <Line1 xsi:nil="true"></Line1>
          <Line2 xsi:nil="true"></Line2>
          <Line3 xsi:nil="true"></Line3>
          <Longitude xsi:nil="true"></Longitude>
          <Name xsi:nil="true"></Name>
          <PostalCode xsi:nil="true"></PostalCode>
          <PostOfficeBox xsi:nil="true"></PostOfficeBox>
          <PrimaryContactName xsi:nil="true"></PrimaryContactName>
          <ShippingMethodCode>1</ShippingMethodCode>
          <StateOrProvince xsi:nil="true"></StateOrProvince>
          <Telephone1 xsi:nil="true"></Telephone1>
          <Telephone2 xsi:nil="true"></Telephone2>
          <Telephone3 xsi:nil="true"></Telephone3>
          <TimeZoneRuleVersionNumber xsi:nil="true"></TimeZoneRuleVersionNumber>
          <UPSZone xsi:nil="true"></UPSZone>
          <UTCOffset xsi:nil="true"></UTCOffset>
          <UTCConversionTimeZoneCode xsi:nil="true"></UTCConversionTimeZoneCode>
        </Address>
      </Addresses>
    </Publisher>
    <RootComponents>
      <RootComponent type="1" schemaName="pdf_pdfextractor" behavior="0" />
      <RootComponent type="29" id="{0266748e-36a0-ef11-8a68-7c1e524a311a}" behavior="0" />
      <RootComponent type="29" id="{10647a59-e0be-ef11-a72f-000d3a328152}" behavior="0" />
      <RootComponent type="29" id="{3d5d7091-35a0-ef11-8a68-7c1e524a311a}" behavior="0" />
      <RootComponent type="29" id="{4b14543b-0b9d-ef11-8a68-7c1e52484c79}" behavior="0" />
      <RootComponent type="29" id="{a2b66d44-f615-f011-998a-000d3a34b469}" behavior="0" />
      <RootComponent type="29" id="{bb32c69a-95a2-ef11-8a68-7c1e525bba84}" behavior="0" />
      <RootComponent type="29" id="{e424b548-b005-f011-bae2-6045bd027a27}" behavior="0" />
      <RootComponent type="300" schemaName="msdyn_validationstation_92410" behavior="0" />
      <RootComponent type="401" id="{04d608bb-1031-44aa-b756-032eebea5f02}" behavior="0" />
      <RootComponent type="401" id="{a13b28f5-7a4b-4aca-b9cd-51aa06c7e295}" behavior="0" />
    </RootComponents>
    <MissingDependencies>
      <MissingDependency>
        <Required type="29" displayName="When a document status changes" solution="msdyn_DocumentProcessingAgent (1.0.1.64)" id="{0266748e-36a0-ef11-8a68-7c1e524a311a}">
          <package appName="Document Processor" version="1.0.1.64">msdyn_DocumentProcessingAgentAnchor (1.0.1.64)</package>
        </Required>
        <Dependent type="29" displayName="When a document status changes" id="{0266748e-36a0-ef11-8a68-7c1e524a311a}" />
      </MissingDependency>
      <MissingDependency>
        <Required type="29" displayName="Get monitor app" solution="msdyn_DocumentProcessingAgent (1.0.1.64)" id="{10647a59-e0be-ef11-a72f-000d3a328152}">
          <package appName="Document Processor" version="1.0.1.64">msdyn_DocumentProcessingAgentAnchor (1.0.1.64)</package>
        </Required>
        <Dependent type="29" displayName="Get monitor app" id="{10647a59-e0be-ef11-a72f-000d3a328152}" />
      </MissingDependency>
      <MissingDependency>
        <Required type="29" displayName="Document Validator Flow" solution="msdyn_DocumentProcessingAgent (1.0.1.64)" id="{3d5d7091-35a0-ef11-8a68-7c1e524a311a}">
          <package appName="Document Processor" version="1.0.1.64">msdyn_DocumentProcessingAgentAnchor (1.0.1.64)</package>
        </Required>
        <Dependent type="29" displayName="Document Validator Flow" id="{3d5d7091-35a0-ef11-8a68-7c1e524a311a}" />
      </MissingDependency>
      <MissingDependency>
        <Required type="29" displayName="Document Extractor Flow" solution="msdyn_DocumentProcessingAgent (1.0.1.64)" id="{4b14543b-0b9d-ef11-8a68-7c1e52484c79}">
          <package appName="Document Processor" version="1.0.1.64">msdyn_DocumentProcessingAgentAnchor (1.0.1.64)</package>
        </Required>
        <Dependent type="29" displayName="Document Extractor Flow" id="{4b14543b-0b9d-ef11-8a68-7c1e52484c79}" />
      </MissingDependency>
      <MissingDependency>
        <Required type="29" displayName="Manually Process Document" solution="msdyn_DocumentProcessingAgent (1.0.1.64)" id="{a2b66d44-f615-f011-998a-000d3a34b469}">
          <package appName="Document Processor" version="1.0.1.64">msdyn_DocumentProcessingAgentAnchor (1.0.1.64)</package>
        </Required>
        <Dependent type="29" displayName="Manually Process Document" id="{a2b66d44-f615-f011-998a-000d3a34b469}" />
      </MissingDependency>
      <MissingDependency>
        <Required type="29" displayName="Document Import Flow" solution="msdyn_DocumentProcessingAgent (1.0.1.64)" id="{bb32c69a-95a2-ef11-8a68-7c1e525bba84}">
          <package appName="Document Processor" version="1.0.1.64">msdyn_DocumentProcessingAgentAnchor (1.0.1.64)</package>
        </Required>
        <Dependent type="29" displayName="Document Import Flow" id="{bb32c69a-95a2-ef11-8a68-7c1e525bba84}" />
      </MissingDependency>
      <MissingDependency>
        <Required type="29" displayName="Get Configurations" solution="msdyn_DocumentProcessingAgent (1.0.1.64)" id="{e424b548-b005-f011-bae2-6045bd027a27}">
          <package appName="Document Processor" version="1.0.1.64">msdyn_DocumentProcessingAgentAnchor (1.0.1.64)</package>
        </Required>
        <Dependent type="29" displayName="Get Configurations" id="{e424b548-b005-f011-bae2-6045bd027a27}" />
      </MissingDependency>
      <MissingDependency>
        <Required type="300" schemaName="msdyn_validationstation_92410" displayName="Validation Station" solution="msdyn_DocumentProcessingAgent (1.0.1.64)">
          <package appName="Document Processor" version="1.0.1.64">msdyn_DocumentProcessingAgentAnchor (1.0.1.64)</package>
        </Required>
        <Dependent type="300" schemaName="msdyn_validationstation_92410" displayName="Validation Station" />
      </MissingDependency>
      <MissingDependency>
        <Required type="401" displayName="Document Validator Prompt" solution="msdyn_DocumentProcessingAgent (1.0.1.64)" id="{04d608bb-1031-44aa-b756-032eebea5f02}">
          <package appName="Document Processor" version="1.0.1.64">msdyn_DocumentProcessingAgentAnchor (1.0.1.64)</package>
        </Required>
        <Dependent type="401" displayName="Document Validator Prompt" id="{04d608bb-1031-44aa-b756-032eebea5f02}" />
      </MissingDependency>
      <MissingDependency>
        <Required type="401" displayName="Document Extractor Prompt" solution="msdyn_DocumentProcessingAgent (1.0.1.64)" id="{a13b28f5-7a4b-4aca-b9cd-51aa06c7e295}">
          <package appName="Document Processor" version="1.0.1.64">msdyn_DocumentProcessingAgentAnchor (1.0.1.64)</package>
        </Required>
        <Dependent type="401" displayName="Document Extractor Prompt" id="{a13b28f5-7a4b-4aca-b9cd-51aa06c7e295}" />
      </MissingDependency>
    </MissingDependencies>
  </SolutionManifest>
</ImportExportXml>