<environmentvariabledefinition schemaname="pdf_AI_PDF_Extract_SharePoint_Site">
  <apiid>/providers/microsoft.powerapps/apis/shared_sharepointonline</apiid>
  <displayname default="AI_PDF_Extract_SharePoint_Site">
    <label description="AI_PDF_Extract_SharePoint_Site" languagecode="1033" />
  </displayname>
  <introducedversion>1.0.0.0</introducedversion>
  <iscustomizable>1</iscustomizable>
  <isrequired>0</isrequired>
  <parameterkey>dataset</parameterkey>
  <secretstore>0</secretstore>
  <type>100000004</type>
</environmentvariabledefinition>