{
  "properties": {
    "connectionReferences": {
      "shared_commondataserviceforapps": {
        "api": {
          "name": "shared_commondataserviceforapps"
        },
        "connection": {
          "connectionReferenceLogicalName": "new_sharedcommondataserviceforapps_3ea67"
        },
        "runtimeSource": "embedded"
      },
      "shared_excelonlinebusiness-1": {
        "api": {
          "name": "shared_excelonlinebusiness"
        },
        "connection": {
          "connectionReferenceLogicalName": "new_sharedexcelonlinebusiness_23634"
        },
        "runtimeSource": "invoker"
      }
    },
    "definition": {
      "$schema": "https://schema.management.azure.com/providers/Microsoft.Logic/schemas/2016-06-01/workflowdefinition.json#",
      "contentVersion": "1.0.0.0",
      "parameters": {
        "$authentication": {
          "defaultValue": {},
          "type": "SecureObject"
        },
        "$connections": {
          "defaultValue": {},
          "type": "Object"
        }
      },
      "triggers": {
        "manual": {
          "type": "Request",
          "kind": "Skills",
          "inputs": {
            "schema": {
              "type": "object",
              "properties": {
                "file_1": {
                  "description": "Please select file or image",
                  "title": "File content 1",
                  "type": "object",
                  "properties": {
                    "contentBytes": {
                      "type": "string",
                      "format": "byte"
                    },
                    "name": {
                      "type": "string"
                    }
                  },
                  "x-ms-content-hint": "FILE",
                  "x-ms-dynamically-added": true
                }
              },
              "required": [
                "file_1"
              ]
            }
          },
          "metadata": {
            "operationMetadataId": "b8f61c18-7224-4f8a-9c5f-72fbce5df764"
          }
        }
      },
      "actions": {
        "Respond_to_the_agent": {
          "type": "Response",
          "kind": "Skills",
          "inputs": {
            "schema": {
              "type": "object",
              "properties": {},
              "additionalProperties": {}
            },
            "statusCode": 200,
            "body": {}
          },
          "runAfter": {
            "Run_script": [
              "SUCCEEDED"
            ]
          },
          "metadata": {
            "operationMetadataId": "81c94f73-dd52-465c-ad3b-a4686da63cc3"
          }
        },
        "Generate_Json": {
          "type": "OpenApiConnection",
          "inputs": {
            "parameters": {
              "recordId": "9560abf7-53ac-4a21-a143-dd6ce440241e",
              "item/requestv2/Document_20input/base64Encoded": "@triggerBody()?['file_1']?['contentBytes']"
            },
            "host": {
              "apiId": "providers/Microsoft.ProcessSimple/operationGroups/aibuilder",
              "operationId": "aibuilderpredict_customprompt",
              "connectionName": "shared_commondataserviceforapps"
            }
          },
          "runAfter": {}
        },
        "Add_a_new_row": {
          "type": "OpenApiConnection",
          "inputs": {
            "parameters": {
              "entityName": "pdf_pdfextractors",
              "item/pdf_newcolumn": "@outputs('Generate_Json')?['body/responsev2/predictionOutput/finishReason']",
              "item/pdf_processeddata": "@outputs('Generate_Json')?['body/responsev2/predictionOutput/text']"
            },
            "host": {
              "apiId": "/providers/Microsoft.PowerApps/apis/shared_commondataserviceforapps",
              "operationId": "CreateRecord",
              "connectionName": "shared_commondataserviceforapps"
            }
          },
          "runAfter": {
            "Generate_Json": [
              "SUCCEEDED"
            ]
          }
        },
        "Compose": {
          "type": "Compose",
          "inputs": "@variables('inputjson')",
          "runAfter": {
            "Initialize_variable": [
              "SUCCEEDED"
            ]
          }
        },
        "Run_script": {
          "type": "OpenApiConnection",
          "inputs": {
            "parameters": {
              "source": "sites/nexapproveiq.sharepoint.com,11ab6121-13f7-47b9-a389-5a384e3bcc99,27efc2e3-0a01-4e31-8996-f804bff0295a",
              "drive": "b!IWGrEfcTuUejiVo4TjvMmePC7ycBCjFOiZb4BL_wKVoxCl62eTw7QqCSW1goG4Gd",
              "file": "01BK5GEW654FD52XNJGBAYG6PTBQCJO3SG",
              "scriptId": "ms-officescript%3A%2F%2Fonedrive_business_itemlink%2F017YE7EOBNMPVQ7VM7PFBYMWBOFDAR2XKG",
              "ScriptParameters/jsonData": "@outputs('Compose_1')",
              "ScriptParameters/sheetName": "Residents",
              "ScriptParameters/tableName": "ResidentialDataTable",
              "ScriptParameters/clearTable": false
            },
            "host": {
              "apiId": "/providers/Microsoft.PowerApps/apis/shared_excelonlinebusiness",
              "operationId": "RunScriptProd",
              "connectionName": "shared_excelonlinebusiness-1"
            }
          },
          "runAfter": {
            "Compose_1": [
              "SUCCEEDED"
            ]
          },
          "metadata": {
            "01BK5GEW654FD52XNJGBAYG6PTBQCJO3SG": "/Generated_new.xlsm"
          }
        },
        "Compose_1": {
          "type": "Compose",
          "inputs": "@outputs('Compose')",
          "runAfter": {
            "Compose": [
              "SUCCEEDED"
            ]
          }
        },
        "Initialize_variable": {
          "type": "InitializeVariable",
          "inputs": {
            "variables": [
              {
                "name": "inputjson",
                "type": "string",
                "value": "@outputs('Generate_Json')?['body/responsev2/predictionOutput/text']"
              }
            ]
          },
          "runAfter": {
            "Add_a_new_row": [
              "SUCCEEDED"
            ]
          }
        }
      },
      "outputs": {},
      "description": "When an agent calls the flow and send back a response."
    },
    "templateName": null
  },
  "schemaVersion": "1.0.0.0"
}